	Title	Links
0	Cryogenic Propulsion Lead	https://www.linkedin.com/jobs/view/3392007680/?eBP=CwEAAAGFFJbRhVqD4jX_2GrrAuyO_ZOlmbCjY3ntcK9M5lGgm8MisYBup8k5D-GH3uu7utIuAuTVXEFzdlMLdDYMRFgeLnL6gG4IVRC0Y0mvBWE6aZVypz5ANb6pDpqKQLvXUismYc6JpSekxy45GAgTsA54SxGa02IxvLOU0FTlJlvUpz5gemLl7HfHgT-T7t1kOImJ6uIFOs39tEJbZDfASEO6oQJLQinHd3QhvxS2qKiwxkWtTKVqVMHOIaLluDQX3bxz4_r9GrZpWdfaUY_NpZ4zW_r2rUDs26KFMLBZu9wQNcK4yTykDP-f9xuXsPihrTIGUOj27HwfARm5UuwWGXYCSlBrgQ&recommendedFlavor=SCHOOL_RECRUIT&refId=dW8BQYy3dCHjJ1%2F%2BuyGGIg%3D%3D&trackingId=LTs22MtfteqLhUPRLE6SEw%3D%3D&trk=flagship3_search_srp_jobs
1	Manager, Machine Learning Engineering (People Leader) (Remote- Eligible)	https://www.linkedin.com/jobs/view/3396992719/?eBP=CwEAAAGFFJbRhfAblFKC29jGTUIbtCQ9iH21sNOdvGK0jQnXePpEkFVRRe73D4Ckd3T8fZ9061S2xZo4F6SE3vLzZ8OBSqBtLAdXGEy1l1NWlCwY47Wictu5PD1TrQDdcnAe9vfrLpoOxMDgh01rUh1ODNMIYCHCMTAcRjqN-PMqnPeI6stQ_hwqNCubTOu8nZeut7NJANeIfqCytg1ZqVAF-7QLJr3M4cGjMmIEEhliO62_kEO7_peFlNy9eVGK2-lLxpM1NV0GNHZuJ9XI5oOfsHB9SnHf8D_dqohxbXgeKDhNzxPQRmso2HXSmtlQ8g3v87HuZlwDFQ_Ov0wfx3HVosAIHWoPfg&recommendedFlavor=IN_NETWORK&refId=dW8BQYy3dCHjJ1%2F%2BuyGGIg%3D%3D&trackingId=a54rDanQn%2BdSs2MdUQvAZA%3D%3D&trk=flagship3_search_srp_jobs
2	Life Sciences Specialist Master - AI & Data Engineering	https://www.linkedin.com/jobs/view/3392179892/?eBP=CwEAAAGFFJbRhVGCd1w2peYStTpBeCuDI90yq54fIYPH5EAYOobmnsvl3DxJQDrwmTXxNL-rPZ4DZHemrPpQpO-cc8hIbhR93M2ogUfn5P1F_yPidRUk2NMFXpiLLqpg7MvbR9Hv9Zd5EGdWVuoshVYjz-K-1nnG2SW0GKxEAfUjqGX9XxfkI8_OlmCCyfoFRaTnFpInsmq6ipv2ulp363_JC3jbrt8r-X90-jhEp6UAznsH-035yrCSKJU2iwYTxUkZ8LNK3oUlU8kiD0TczaAzTd0UbbkD4h2hDf3e0vGO3jbnC1gZzzCDvNQTvljwKQ43RyC85KZmIgesmGoMAAXgV8r2wflDNQ&recommendedFlavor=IN_NETWORK&refId=dW8BQYy3dCHjJ1%2F%2BuyGGIg%3D%3D&trackingId=LAvgzLVPU1lrBCCrRZS8EA%3D%3D&trk=flagship3_search_srp_jobs
3	Sr. Machine Learning Scientist	https://www.linkedin.com/jobs/view/3392240604/?eBP=CwEAAAGFFJbRhS8bH8mQkImmiOBuxRhwD1hhkw1AKY0vyO_nUh60NwGESzZ_n4HXNv_2jdFnsaWC3De7r-6LUNe4ESg6yi6oOHMRDYAoAzV2mUMBITrAR_B1rFjHHemh7cqv15o2EWdpXeMr9W56QeWQDsHkEUF9OczquvWej-tWrkXD97qWG_A5yl9lQaaB2-aVLtv8FSAr5EHoER8v09wkuRlyZgnFQKfbo703WSOhrYDXEH_LU1Ow0kczKnWvDQMy60BOH95rxBoAHWzYzG4jVV3T8rLOHYk0HxD9DgsYdmkPsWaIWd7R_ZQNIigdQCWO9w8f4VC3fHNEL1ii3ShSnHCMcw1Em-1WLFtVxmExLbJz11pk3_kDUMNEZHYnZwYC&refId=dW8BQYy3dCHjJ1%2F%2BuyGGIg%3D%3D&trackingId=e%2BKhv4KSPM9Be8ZsSR0A5Q%3D%3D&trk=flagship3_search_srp_jobs
4	Data Scientist	https://www.linkedin.com/jobs/view/3401070417/?eBP=JOB_SEARCH_ORGANIC&recommendedFlavor=SCHOOL_RECRUIT&refId=dW8BQYy3dCHjJ1%2F%2BuyGGIg%3D%3D&trackingId=C5MdQOPjvEFJv9TVrAlwsw%3D%3D&trk=flagship3_search_srp_jobs
5	Field Chemist I	https://www.linkedin.com/jobs/view/3398448945/?eBP=CwEAAAGFFJbRhdBLzjllHRraxCysGg2H8Gd7PjnJzYrZ_P08OI4Qo9Xnp6j9sQylrc5NRs38XWHVhmy_gC8YogbKqzMYh6e5fsBGsX4NgfnwmPrOhw51tPGKhxmmj6jEKXd5RgvQ0wCZqeb3_2wVu4UOZQ7amT0XzVY0nt9V9TAfQVuCByH0BlJ9lve3QtHWL7rtTK0WGU8OxmFu29VeYOr9D25JrJiqISBJ9xr0P49_QMwP03r_62YLCt_11RM9Op933AL3Gn5VWZ8C5AXHXcSXSp1oYVASRylPqAHKIImN7lWD1oOmk-cRYlvTfYGZimePmbBd3TbKXo1aQ-hoSDxcKho_JXxi7Q&recommendedFlavor=IN_NETWORK&refId=dW8BQYy3dCHjJ1%2F%2BuyGGIg%3D%3D&trackingId=gTyJLdb23md63VxEDZDq%2Bw%3D%3D&trk=flagship3_search_srp_jobs
6	Fellow-Post Doc-Research, Imaging Administration	https://www.linkedin.com/jobs/view/3393449097/?eBP=CwEAAAGFFJbRhTzptx4NQYAMAj70Oa5A9xIpxXzv9oyZSU_FN3QV4LxNhkWwwRQ2vSZ9MGY3jgRkW6MWK9kDCgtYg-nPv3Lu-Ni5MAZmO8D7twN3d8UdWzgzwV1syMpDEo4UFZXqv-P0fzegZn0Zay7LDw5dDlUikC_wSjnq1TY0PgNojs3iiSq-FkJS7789XvXVlURXYRWww5OvEEykSFk1N5dGayF3_7KXZhjSKPl_iKEyHh5UPtvpTWO5kmzWKXiroi9A532IcqeamuB05aljs4BkaezeHT_1vA8ISAzQAW89tVjgqOYP7lEjeJLqd_C8HVByT3-C9PuOoGQgKEFMS0aLe2w3Xu3YIs2TmEf0lTDQw6z4JmTyzqE9ecDd9eam&recommendedFlavor=SCHOOL_RECRUIT&refId=dW8BQYy3dCHjJ1%2F%2BuyGGIg%3D%3D&trackingId=1e0khwufooPcKTXEheb8gg%3D%3D&trk=flagship3_search_srp_jobs
7	Senior Data Scientist	https://www.linkedin.com/jobs/view/3394513717/?eBP=CwEAAAGFFJbXMLKoZVsFYLon0HNF93qTtn18YXYuA0WS0mbf_nj86XECHcwM4enT-Gvjjb3dx15Jdwi8m_tFoggUcGX-QB7d7C7z165VxjNOnzi1wiDDxZXwakcnzW38CHWXzKZXbMGTwIwYuQ_diW3Xnt5_PqFEFbaOeb6lBrL7ZBgd-BdU4XoBEMNiDKnuLC7D1-IONar8FlKvrFjfI8WqY5w7jeCzqItGVVXyWzMWKVIxBuvSlgImtptgSj_Mupr1xJ6gcG8zZrDh94MFJFUjLmkqYahB38ogtb_9l54g4Yn2l34iUCk2oOHkmaO7qiFEqqhZA13CBDEXS27D30JnBz0fbQQIu3u5gyAo-RbnfyNPlWRFs4_dT4p7vz8ovA&recommendedFlavor=ACTIVELY_HIRING_COMPANY&refId=1OHepQ9wROIJCc3ByfIJzg%3D%3D&trackingId=xF%2FLPfLXcMzwq7fRBQGswA%3D%3D&trk=flagship3_search_srp_jobs
8	Principal Data Scientist (Remote) - Richmond, VA area ONLY	https://www.linkedin.com/jobs/view/3392343491/?eBP=CwEAAAGFFJbXMMMKgaYwn_omiYSndG6rVQyDcKpwXpxBXPQava492iuphBgHkQFNB-lZ1LaL0hUV5QuHZ_t3i_DzrGnawD6xqoizzNtWQ1HbUBbcz4A0CszWHGSegbT-F5GKaWSBvEo86SLCOpTWhtGzjdw7a-sb3DTx12Y3jtnYjJqFANHxeUVCIxspuD1ccCUN98EtAvWyZHn9r61LNHPfWbPCWW3ShdGYboYpH_SuofbMjcV81Eqv620t_0pecJZPOs1-cnOS-w9Fy6sn58DlaWbBrpd7bT8EPY1WQq7WH5_mf8EfFHbcg2GiWRMjk51R0BDFNDcpzdAWWHrtipnRbwlXOt4SpHvgPhIMHtFwoJwtMwn86GW_z4jJsuBeyA&recommendedFlavor=IN_NETWORK&refId=1OHepQ9wROIJCc3ByfIJzg%3D%3D&trackingId=AjmToDuIzjaaPkTdgEfiwg%3D%3D&trk=flagship3_search_srp_jobs
9	Lead Data Scientist	https://www.linkedin.com/jobs/view/3393374064/?eBP=CwEAAAGFFJbXMFIGefgcjvgvFIsJxRtUCUQkexAI-PL77vLbzbI0FPGC8AXad6Ml7aCGWGZxpsYA3OJSTOUkZ6JCDw6Db0Q98LMZQet2isFXIM2cDQdvR8KjFa2kcWLJPMdSI5yqy2iKsoO4eSK0MrPrjq6lJvgGndjFZwG_CIZfpo8cR2uzzs0G4I9yTrPIcbMLKoGqJ9ZvVs69MdBUKyquD62oLA-GufuqjaZ77jUnYHqxurK5y8l10rJyTFvRZTf8pmpqSduLSt7rrO7rEjJ0IwVIl5Ma7-cpjnX0cMehduOdZafWeLRSxL7vbOc7tELExmzoL9wuAG9YSQNPO6fpgy0vEMY69yX9UOBCZ3hI1H5oHtCoTilWBnOEl5uUoQ&recommendedFlavor=SCHOOL_RECRUIT&refId=1OHepQ9wROIJCc3ByfIJzg%3D%3D&trackingId=e0utTlMwX6FvMf2N1OllGA%3D%3D&trk=flagship3_search_srp_jobs
10	Data Scientist - Uncertainty Quantification	https://www.linkedin.com/jobs/view/3396989547/?eBP=JOB_SEARCH_ORGANIC&recommendedFlavor=IN_NETWORK&refId=1OHepQ9wROIJCc3ByfIJzg%3D%3D&trackingId=NP%2Fdpnzso9bl4IpqZPbKTg%3D%3D&trk=flagship3_search_srp_jobs
11	Data Scientist	https://www.linkedin.com/jobs/view/3389844447/?eBP=CwEAAAGFFJbXMJVA2r7c6ZwljdWthI8TKXC2KrZYHAtppQuG8Z-H9WJ0IDI1jzt9DzQQdPAw4yX4rR6YJ-hkAAHgFdNe3nzsKw-J5WnR7fE9GF2MVWF9nbS8FIUXgRVw4N_gycimE25veIX_kKmneO2PvzxJvYoau7s63fqWKF0H1kKhHhJ3ubnUksOPKXHbt4hU4Mvux4iYFeatrW1xamf0NmGoVpGzckAEVY1fWiNyvbNfNZru4FLcbV_RVySNCceuJWjIzg_53WFiAy9flReD1SKqOp-S9v2Rhuofqbd4YiWCXzf__VRVdyL_xBcXx15RlTwZotmhXzGco1iJg-Zy2KAngXSi3niw1SrjkB72aiRZc_AcC57aafidG1kGLg&recommendedFlavor=ACTIVELY_HIRING_COMPANY&refId=1OHepQ9wROIJCc3ByfIJzg%3D%3D&trackingId=5%2BZMuIJkHCwuikbYImPU2A%3D%3D&trk=flagship3_search_srp_jobs
12	Data Scientist	https://www.linkedin.com/jobs/view/3388535827/?eBP=CwEAAAGFFJbXMKeoyQOzlFKheaUAtMBXXB6IZo9AXZArY2PdI3_lYcV1YYDxsG47u4Yu3CS7DZ62NdmkRbNyzdRvV9bmzlV5jNETJFBwTmQmx5UU9ZZ0E7LvN6G7SHrvIY38tHTneCK6cTZRWJ-BR3WFgySbbyYDMSw1RzfJc35lnM6va5aBjtrnjeSrRDZo6BN-a1MuAhj8BjTT7VZierijai32meOYyEIlIjS6qxcN-LiJjaowE9l7At6vV4HaDUpO8FAXu70DEz_9rQ_kHr99fbLPhG2PEUKoGPxeCDNYaX34mK74XmRknXy1p19j_2CDvxGQYJWrbe98FeE4VWE3hqOkkSA&recommendedFlavor=SCHOOL_RECRUIT&refId=1OHepQ9wROIJCc3ByfIJzg%3D%3D&trackingId=7vj91tYMU8p%2BCMfu3ym%2F8g%3D%3D&trk=flagship3_search_srp_jobs
13	Data Scientist II	https://www.linkedin.com/jobs/view/3399442567/?eBP=CwEAAAGFFJbXMAigPM97S6MuT4xUr6ofCvluqed2AsCH_fq1gxqNvCZqC2Yj-gNj7DkVajTVm2xF-2q4iEJuczpJDpVoUlNMLXUIjOroIZRr8E2DAHCSJUzSvInNGaD8qYPjWAUWUmIC7fiPf8W25Vwanh9noyeDjL6GoG0Q8Acqcrh0cUr3G8qOElVk1Y3UtuycjgP0lRFVfjHS_-T-vPG94fy03HRet4nmfWf8A3VWb973PfHgWKvnc2lJJ--P-yA9c27SF1FR0e3wBSopzcljogTfNP4xGdXoTm1jmBzZT4przAVJGkptJS49sxdBkZGdav537EhnnCNDK-2V83rooLwRwces-UrbhzFoBZg_5dIC_dLflokIhqWRvL_hhQ&recommendedFlavor=SCHOOL_RECRUIT&refId=1OHepQ9wROIJCc3ByfIJzg%3D%3D&trackingId=0VuUn%2Byx8zWLfTgJEW%2BZXQ%3D%3D&trk=flagship3_search_srp_jobs
14	Principal Data Scientist (Remote) - Austin, TX area ONLY	https://www.linkedin.com/jobs/view/3392346298/?eBP=CwEAAAGFFJchFdu6D-fILjjyMkQh_AsmQQy0Wg06iKSy2-ZXym0gFtve9b9KfGE6wvOF3NYb94tABb3VUSLiiOrnFSN_IL66wRcq-mCLNIEJbDu_i5rfUx7I0esJbKJq5_pqSiQlLOwgr00jvtf-nzrfo4HNxJGZeHiauEycqg00_ac99_znmpsEMV9QYF3mxXxVD9zk8QZOH_uz-1RfHCBmzMd3ymQZzzezkp4RANeys7T5b3wyoJ6rSYT4ZOB3H7gRXGXCTi6ymNjjzagZg8egrFqys4ycvYlKt5v2V6pn2DIUXBI8vUTM9OJ8WJA4VTxTRudlF0PMzpiNYaOxnxkmbCMzKdo0aQwmy_Y4Gs5DsOeg3gNfuD3QWcPQKf951w&recommendedFlavor=IN_NETWORK&refId=El4IT0oNHyYYYlxypjGv9g%3D%3D&trackingId=jjtjFKfLYufcqkz%2BGVHR1A%3D%3D&trk=flagship3_search_srp_jobs
15	Principal Data Scientist	https://www.linkedin.com/jobs/view/3389723851/?eBP=CwEAAAGFFJchFWSD4rEiEL-ah5RsCFIpvumRAsq31SBMpkq8x1trBUAgCDNbAfOLVoMgEiyqWNHwqjRcYgQMIJwRM3K2fwpKjok9i8OtiyfozOiyoUADS8HTtdf5o2HFZ6McPIN8PlsKkIhT4edppesb6tVIaUQgRQ-jJI21m_nAadDXZeUGlXmjks1L0tPzwkbusoFBcFBhkgnJJiiQDahBttoJ_gPSL4VFnuw-NnW-CDhal-Z-wGGJ1p4aAbRRUnNXzRDssMACcUHAlTSGNYTP_zhlY2EOkFPDI72nhsMu6DW46nk4xqk4PRGwmwcAT6sO_GXnHRqRCAsjrCtv1V1ECpNtw5YAZn-6tYbKKDKIfmjVXSZgHEKEu4s1nF9UPQ&recommendedFlavor=SCHOOL_RECRUIT&refId=El4IT0oNHyYYYlxypjGv9g%3D%3D&trackingId=tTUArMpIMp%2BxU7xXqhSYEQ%3D%3D&trk=flagship3_search_srp_jobs
16	Data Scientist III	https://www.linkedin.com/jobs/view/3399444395/?eBP=CwEAAAGFFJchFeXslSGTWEhruYmX-1S7JprK1XsQVVZUdETnmW1SMGmPIQgMgMkQy6ZI1k8T41JNpKniWfjp29WDDsvwbcLuA1FaOXssE6huYti2FreFJWvb-X7zA52Sb669uv9exBRgo6ofYrzQtDz7phbRxrRUtQL9T5qgiTFUNMJB3Y686Drcvu_Fcsmf4DLgcfMyviLnq072JkZCWogLtnaa0xtsFaCXWnayAberRfDPSOtFHNU3hUA3czlkp91EtIr4ie32KUaAKcsqe20Gahgfo8vH-Nw-fvtOaUAPZgwl9vtWWAWLEFnfu4KZU-eBNVMuIkWKTCjQ24TGm9aMGLz_6YkyrScMKLiHZJPSezvE2n5UPp8hIHICSlEdrg&recommendedFlavor=SCHOOL_RECRUIT&refId=El4IT0oNHyYYYlxypjGv9g%3D%3D&trackingId=igi8HMYW6qSsBkKIlQlglg%3D%3D&trk=flagship3_search_srp_jobs
17	Entry Level Data Scientist	https://www.linkedin.com/jobs/view/3394448855/?eBP=JOB_SEARCH_ORGANIC&recommendedFlavor=SCHOOL_RECRUIT&refId=El4IT0oNHyYYYlxypjGv9g%3D%3D&trackingId=luBIDHg%2FPaVt%2FU3gCG2cbA%3D%3D&trk=flagship3_search_srp_jobs
18	Junior Data Scientist	https://www.linkedin.com/jobs/view/3379806309/?eBP=CwEAAAGFFJchFf415Sp_KKDpEJjbi9WuIfHwpbGPUuKP4_4Ky4oFvnSey4L6EMm1C6t20iz4s4MNdF_SOJcPp2phqtisBgM2gb0vZWpXuFDeLgbKK1AbZ5xxaI86YWiYf9LmpOfCxq-tq6Yan7OELbfSSebF9eZuLe8xmJbezQcJBelkHq3lKXie-IqTe8_RhuqyzJ9KwGeSqakIXsU-wk0Pr1eemOG_HpmG0Js18jWip3XXxBSw6p7kAwSGGmhxwOj4Ne5dqVfyGtlWgw28_kJ0TedT_41BR5YV-BLmxBx3FpnGQ-aDqwRXDGEOKeuLaDeE3h124Q6f7IOoKO-g1aet6QMKEfirgL0CrajL4zeX4o8BninTeZ1dx_s5moHOoA&recommendedFlavor=JOB_SEEKER_QUALIFIED&refId=El4IT0oNHyYYYlxypjGv9g%3D%3D&trackingId=wlF6fbl1KtiGlO9T5jD86Q%3D%3D&trk=flagship3_search_srp_jobs
19	Junior Data Scientist	https://www.linkedin.com/jobs/view/3393349114/?eBP=CwEAAAGFFJchFQKsvpiVjhCUiiBRnMjspUkuUnk70uxJ_AQ9ThLKI43Qb1QJg1_JCzplqvKJUgzDX67N13T8urAHn7C9v9J9GSCUxeJ5mhYFQlPrMPYBVPwAMnefl33Gcq-TzlzT1p_Wv__tR_5AtrJJ4bajl_BMopGW5I6YFbT2PFZ337Lj6SAhzghR-SmJvIUsUG3Iade02DKQix4DTkPrRE-PGf5DqR0ispTaVDF7B26g9wsv-qQ4FAOr2SbPi52dncdGY9GVNxk5Uq2XQ4Usyl7RgCb5yxPDnrONN-sBv6fkB7qqFzy6M0AcZT_F62jRIXdgx3E2H02wUeQquvIBqUYogg6yNcTHixg6WZNSZnKEoAQB8VpW8FW-PJS1gQ2z&recommendedFlavor=SCHOOL_RECRUIT&refId=El4IT0oNHyYYYlxypjGv9g%3D%3D&trackingId=Gwwa%2FBMJ%2Bvy6l%2Bd94MpZmQ%3D%3D&trk=flagship3_search_srp_jobs
20	Data Scientist	https://www.linkedin.com/jobs/view/3395336277/?eBP=CwEAAAGFFJchFZLgQfXz2bB_psVfuZQUhCP9qwMKSWBYRVLFD2d4gdtS-nCdmJm3s_PfmZdxg1T1Y5GsV5wmZasrpGYz6Nwzj8YW_jx9ekUsSOhgCQ8aGQb_ueLkvL9gc-7rOv3jt-Cbrx6WjG3-_emPqLbPc4fB9Qr79nH2qQ5O2dxyso2hRPhlLrMkVGHYQNaB6-X524FKSqbAMg_VZJ652UvyusUKKXhJ5dcLDkv3bWtA1RdeBrqC8eWKpnLn02L7gFIwY7sLUdLqlE6OSXVLm0jqo8mMIefGpkiYeihCp-G1jklOAV_jrNMVCLUKgb5JMrhxGXjmIfY6acMLsws6NR4ckelTddxo6tMIy93dLMU8loQzjABVY7ZnzEE47sMO&recommendedFlavor=ACTIVELY_HIRING_COMPANY&refId=El4IT0oNHyYYYlxypjGv9g%3D%3D&trackingId=nH6qT4CvXaLQipP1HaDTmg%3D%3D&trk=flagship3_search_srp_jobs
21	Data Scientist	https://www.linkedin.com/jobs/view/3393438474/?eBP=CwEAAAGFFJd3lVbzMKWmUqLeFXlmwizbBAc99w-Mrjj6Bx7zEYCWbN-pMKxxBd2J53P9o40cekJMU1m8VTwQ4eqfy14HOcTnhG3uA65wFOWl35Vo9cq_1jI4UQ5GYeQeIuTb6X-Vd0Z4hT7ovssBgbDuf6TvD2s19VYk5zlBZvwOTCaoONYXcToSXaLh8UCb2WQx8TIzREz4GwqxzVt_TbQsJKX69TV5RlbYs5htvlly7FVbpDwse03Q66ylfyaFacqgkkBp1GLk-WJUkbEQVarg9W3SpwfqqiDR-QzCMJNfWPz6we2XAcCH4wpPU24pIhayxAZjVzikrOMi_M8XtwyYYYLFHx-OxB4zYPFmbG77KyUPcH4XcrzEbabWPwTfzg&recommendedFlavor=ACTIVELY_HIRING_COMPANY&refId=78oXbky6v3ZpghqnYmML9w%3D%3D&trackingId=S3qKOYQH7gsNcSwreaCpvQ%3D%3D&trk=flagship3_search_srp_jobs
22	Data Scientist II	https://www.linkedin.com/jobs/view/3399445356/?eBP=CwEAAAGFFJd3lQzQPIcQ4G8Nz7w6eDzKpl8rpkmvabW4HVi97BAg-XlX4FVucYyedPxr68w8BF1HwtDObA5Sqj0RHqj1hFpixNwE3rtAsMOmuxsz4FLUY4YPoZjTgpNYLaqN5qDV_o8Kt5LD24hO6GksFBXxHHT9xpsJISA0B7LU7INL_-lBd3vjsq6PpH8J5nlqZ58A2ZZAfheEmzDn7Ei58WA3VNv93JFUnOw2FMEyF2CdKY0QE8mj3MfW52bKUgOzSo8C5kEv6FRC4OKEnmjg2LaI3PBn4RkED3gmh9nca0qhY92VTVNTrJ5HqDZD415Jc9SE_oHgrIBr6QSpdnXW26SY6ajJ6w7HVVBv6xVicKIzO7JKdHruGV_zcoTQuA&recommendedFlavor=SCHOOL_RECRUIT&refId=78oXbky6v3ZpghqnYmML9w%3D%3D&trackingId=acRdfwAWJI1MWTPrqx6HhQ%3D%3D&trk=flagship3_search_srp_jobs
23	Remote Data Scientist	https://www.linkedin.com/jobs/view/3379853159/?eBP=CwEAAAGFFJd3lZUC034o2fRCB0UGBiFXX2_DEN0W0nWcmH7Eobkh0OlieUPrDIE4U_FE7H8mlWz5R8_dWrJ--AesJzLs0DIKfFJFd8W7imj31Hy3z9Q_EVyi6LvXdMw_GK-GFR8nLTqxtcGYGZGMRD64H0NBiv7A37RANwReyRy-caIxJy94ZLMUjKr2ZjE3NwaC3_YRaGL1BSCVQnPHalKjejQmH7GPfmvQo5eWe3Dr3eRm50VYF9-NvOnQ0-E0pgdjJJiNUEJv-VnCNLVntzoxvbgXfpOtCEo1UqHRZQS8_RXYLxCd3gW6HqlAH8Y6UoCWVXkm-qkQKC4VSmWRJMwDUNZCzWLRBjjE3u_xEds8qIc7zbfQn9kcrZvl8MXzWg&recommendedFlavor=SCHOOL_RECRUIT&refId=78oXbky6v3ZpghqnYmML9w%3D%3D&trackingId=vW3cLB3zDVJuGyyyXETMSQ%3D%3D&trk=flagship3_search_srp_jobs
24	Senior Data Scientist I	https://www.linkedin.com/jobs/view/3395366977/?eBP=JOB_SEARCH_ORGANIC&recommendedFlavor=SCHOOL_RECRUIT&refId=78oXbky6v3ZpghqnYmML9w%3D%3D&trackingId=%2BClze2Hyq5aqX7ozTB3FaQ%3D%3D&trk=flagship3_search_srp_jobs
25	Staff Data Scientist (Mailchimp)	https://www.linkedin.com/jobs/view/3394369217/?eBP=CwEAAAGFFJd3lfc7TRD7Ux1L2rm-LuA6MmFOGDYUwLd8ZN2z-yLtaKZJ1WB1JXWGF2AkdLdUyUGKuqWksD-OxOMXFPiO4FXN9qqRHahon7Bg56NKHYUQNZGXYZLjdn1-7HHnK7sIht64AMxnqzRr67t02MtmVefmse12UU4O0T7Pyz29zP5rKMwV4VBWiigHLCjr0Z_vEPkOBQ3fg_FXL6V_8GF3TuAPYuoD8o_V0Iv5AomsPc-cLSMxrUZXB178Y8Mz213wal8KL9FCS1OFmeWyXhhtYvdI53mOc1LU4kx6AAfwiEU2RIsTZeozJ1zWNHwJNJOgdYFkgHQMTp1gTCftd5IMTv4bBQ5qcO6zhVrdz6dbrxM0t8GUMl1b5guWAQ&recommendedFlavor=SCHOOL_RECRUIT&refId=78oXbky6v3ZpghqnYmML9w%3D%3D&trackingId=SJxfP3VAhO%2By4pIEuUo%2BRA%3D%3D&trk=flagship3_search_srp_jobs
26	Senior Data Scientist (Hybrid/Remote near Lancaster, PA)	https://www.linkedin.com/jobs/view/3399427279/?eBP=CwEAAAGFFJd3lSaNf_PjGAuzZZfMfNxlSZ9Bi2mA1UKRF6CalvRRIMA2iHxKkEQFHbxkBdyntvoBOcNHy_-XPHs_jGqXGsQmhHvoRSrp3IPGe5hPlTsL6KyOnMzqW4Muyv4JyGcmZ_hD-J4sFnf54ebweSaYcqNQ8kLeSRCu_TahrCYM5Frncr9WGtOtrEN5F48oKr7tN_uAhE3Asu2pSF3RtxM8A-bCXDTkKqfhE6_O_R_wDEgnCKZHcexM4KhPvsOrR52sWCGO0wHOzszeVjxhF5qGIs1-D8RKD4wLhYdAhHp50GLli32u2Zpru5ViwRzA36UlkerEzzGIYl4wmvKassDGRXWrdH4413owCnaaAhJ9Xz48DKFrfOaY8i2mSOfF&recommendedFlavor=SCHOOL_RECRUIT&refId=78oXbky6v3ZpghqnYmML9w%3D%3D&trackingId=3KW5w%2BYUuR%2FMHFqyEi5uDg%3D%3D&trk=flagship3_search_srp_jobs
27	Associate, Data Scientist	https://www.linkedin.com/jobs/view/3388330455/?eBP=CwEAAAGFFJd3lRAPqrBPdU6WqYm6Ibv1GBgffbpuDIwUxSSObEHvsk8d-3r3k6BOSN63W9ZapSlB_Fvwo7xxFiQlRFj2J6XzLEU08T8EGcVrkfR7Oo630C66LyDfkQQy-dNAiNuCj2v5m8ru5EfqpBzrliNYq336p5X29MPsG9NQY7qmQsEEg51-mw4gzxb1yTtU56UbNq1J_G292hokgI8zieQrGb1s8HbxXO4swgtWRlzum2iixLLx36pCbqhitrwsCmP0DYhgcgM5u7i3_moRFbvO_WXFsmFJUHC-w2DUIKGKXTcdDZ24wdR1yBsWNFL3TAmEpG8VdHGBxppi47QQ2lSXRbP18UKYewtj3fD9uIOTTjD5VGpZk03334XuUwjn-ds&recommendedFlavor=SCHOOL_RECRUIT&refId=78oXbky6v3ZpghqnYmML9w%3D%3D&trackingId=%2F4i9XzwJcavrkgjyr63ZsQ%3D%3D&trk=flagship3_search_srp_jobs
28	Senior Data Scientist	https://www.linkedin.com/jobs/view/3392026547/?eBP=CwEAAAGFFJfNDPQpFPk-L8XZnU1rIbfVq1oujn7Q78GX2T42kcs5Wjga7MU8lpNnoMyPi-Q4Q2l0l4uhP2hlISLqYagrPMTUx1tz62ZSK96VbkOFh4YqIjzeLCiFmyECdh_CgVIiSvMX3Sq38letRa-ht4nMPzXAyEAqXtL7-V9G7oou7FjLwHaPJpX0o0u2L4aokBjS7unk2BKzZQxB0-Is2zE2L0eWeC7BE7YTeOa3xaslb9Yq8atldzsowe-bKoLaOUwfzjiXT_LttW3wxWN8ISqVO8zsvymvmuyJDZk8XUCVyDicmaML-dGyqwN5i2Xtn-5waReo6m3SDUF4Ai8Dv-4SZupi47R5dRNs3r6K9vjHe416tb-5d39Yu6I&recommendedFlavor=SCHOOL_RECRUIT&refId=JwvZZ8HgWVB465QGGInpAg%3D%3D&trackingId=QLDiIhxkjk%2Fv2eALFzPPHw%3D%3D&trk=flagship3_search_srp_jobs
29	Senior Data Scientist (Mailchimp)	https://www.linkedin.com/jobs/view/3399291229/?eBP=CwEAAAGFFJfNDPnh35EvEruq14ndWVFxtCcccFwD8RgwDsdQSkW50TguxDN4TrXMtq8atJWyofuSUuNeXuGhCZbFPrBMpxWWeTS8O61f0LROLh3eXtwafJgwVzdN8W1zVistVBll2YMR_lMrTwvImRhusII2quGEkFJklZ1t91l5JR12KIgOnLgNFlUXFzkZruY5MVubD4dkJErDl5Nhcgsh_q-bg3Z1bEE5-LX4-v81kMUKc1z68ppkgKR7jdn2N-nSNFBhfS41124VO_mxcei3yuR4PDIWynlFJb9I8y5shLE5L_4U7fcSyVJJZId4ZSbgBBi9KUObd2EwKab3_hFRpG19plmJUwFwB8bMUoKKZcpfNOfmYUzvDxXmifg&recommendedFlavor=SCHOOL_RECRUIT&refId=JwvZZ8HgWVB465QGGInpAg%3D%3D&trackingId=D8CgtC6mTz5U82y%2FYAOXLw%3D%3D&trk=flagship3_search_srp_jobs
30	Data Scientist	https://www.linkedin.com/jobs/view/3382535234/?eBP=CwEAAAGFFJfNDIekdi42QU30rt059sSxiWaOphAzovqAhUDsYsNgfJe8cQQq6sNbl2Hfwbl5O7QyMcuP7wCeM-MhwiLX1B60m1_80n1IyqldHq3kqTjw974iBH5K4s7W6j0Z2w4iTnvqhVGBlStWhRcLV0J-e21nODle4Be56EcxaOfjmRtDhM47SsFHZCrHNDN7ZTafmfeKyb3ugDMzK5DEKMzWRS8XZaGhahRWrTi4TGvPD1h3Uuh9wMD_iMstkiLW2hVVojTsQG4qajCN_U8oGP2BJCBxS6qtMjqzZD5znchhpV-mT5Ngyb0lfVCyjuOnowYJdPbXqXjR2daNR5k96gwkfHi067oSzuLEiHL5NGbv4eFUQkbsBfgiR9c&recommendedFlavor=JOB_SEEKER_QUALIFIED&refId=JwvZZ8HgWVB465QGGInpAg%3D%3D&trackingId=%2FdfgDmt542xZfORvzDxMXw%3D%3D&trk=flagship3_search_srp_jobs
31	Data Scientist II	https://www.linkedin.com/jobs/view/3399440761/?eBP=CwEAAAGFFJfNDK3cy7bLVbSfl-gYu2Rh2ApudIdz6nnsMNWzkHcJU2edvkHR4F1hqf4Zfi6MLxLf118aS4X2GqAMyvYpazC0I6TR6NNq9GNu02SJQ0_NJKfRNoNa7MzPqvx0blDBwtB-KTI1gV45Qg-atgU6oqwyxl8ltNHyPaOK-Zy1ZZaK0soqd0ssFVwOHnIF-P_b5C-Rt3Huh9nuSp52L_34cZWQA3gYaW935yot5TvnLRcdfHV_oc-7cKo77i7MEup7n-P_KirAUEtSnkHtOnM4capTYudYZ4x-tx7sURo4j13JqxW4GYDKQaILAXpcIKh6sQatTyK0JIzO2zetCyZaLXSP0HsLqsBkTLDnJqk_pGYbIiMj6tKtNC4&recommendedFlavor=SCHOOL_RECRUIT&refId=JwvZZ8HgWVB465QGGInpAg%3D%3D&trackingId=%2Fq5EMmswxAf1He2RWYjnUA%3D%3D&trk=flagship3_search_srp_jobs
32	Data Scientist	https://www.linkedin.com/jobs/view/3382557385/?eBP=JOB_SEARCH_ORGANIC&recommendedFlavor=SCHOOL_RECRUIT&refId=JwvZZ8HgWVB465QGGInpAg%3D%3D&trackingId=FyMMQYrpnelnsttrScBBbA%3D%3D&trk=flagship3_search_srp_jobs
33	Senior Data Scientist	https://www.linkedin.com/jobs/view/3394627410/?eBP=CwEAAAGFFJfNDAp6wRvADlLEk8k7e-SbWTcf7UCen2svWaI4wJHY4_ylzDqp9BaIbSPgzV8XSXV4q_GtMjphB2pssRNkzagGIRksUHy6fukVSn9fca5nIGF5vzaM8BBe7oqp5pTxEgDbScum77lH0nduhEo-jOXtPM73JUqFN658wgdWw5rjbqvOSdaQDjeNrLyu9_HUb8RKkyb2yb4MZXT6MeYHrBDcuULMKckFX_M5f-Tu-pvn5jmOqGpCwI5pt7oQWADuGHofdYWsqQI-kBMlXv-vWX2kj9mJNHVrU4ZbsiBjT7gV4dec7FTluz7CG1VbZTRNHP5wuIevgFQeTSoZfMTITSs2YVA1feWKvLcmdBnYCGtKGypTy3fyIvI&recommendedFlavor=SCHOOL_RECRUIT&refId=JwvZZ8HgWVB465QGGInpAg%3D%3D&trackingId=8h18XFj8dqBRGJhYUNzq3g%3D%3D&trk=flagship3_search_srp_jobs
34	Data Scientist	https://www.linkedin.com/jobs/view/3393442234/?eBP=CwEAAAGFFJfNDEQRUcB7mw-x23W9aENGJte7NWwd3tTstOVPowXkwjrllZmjyzruIGByjMQ8QfOz-jqfB8bNrbV9khQIICMabcXOI6pMOQSRiozyCQ25RTA0sZgENDFXNhYAhnWXCDO5ZaKV7QOezepSXCKMz3K1fNfiyANKmYbcLqoUGnyCe7BpX-UG1azQMm1hMWYfsb_rWNsXNweYk8z9W2JNnAQPaFah7BfvshNLsKTimhr5cssw7j48JlqrNmGpmp2b6_JwMt3WAetAjH4tqw-rSqo8BDj3e_QOW3sB1bzho06ZK8UAzm7KMJ5OzqkGHzUUC_BKkMd-UnWeGeRJ5BNLBUIIPKZjVGLD4riRm5bqNbas3ls5Ne7FRXh0Ww&recommendedFlavor=ACTIVELY_HIRING_COMPANY&refId=JwvZZ8HgWVB465QGGInpAg%3D%3D&trackingId=PFmTnc6EyM3sfmAVie2RTw%3D%3D&trk=flagship3_search_srp_jobs
35	Data Scientist	https://www.linkedin.com/jobs/view/3390225272/?eBP=CwEAAAGFFJggSGQ-JESWijpc3TPKRXKLhdVddqXGfQnsWtvNnU00xqD90I6c_RDAQns1ntKvupmafvIv3lPGIY0qB9zC0T_58S8qrQZkT2KmMa04RZFdJz-mmNAWBaHlVYJguTQzIFVEUgBXqHFJTejeLYVidx2c_NBj6HXodMxvU0FB14S1t_vplJtdmWydid2fvbEdjLY4fJqASl1u7b-MANxgS3IpcNNJ4irZwb5SkGWkDtrGbkEdvNAcrXySREgeNvBm7L-NZBIZuT11hTOzmc7sK-1kP-7m4tqmTWyaiq93-ugpEL05_BXUWpKsdYGnUR_ixK1l6alxwgUpucwa4Pz-o6omBlQ7OnDvjSRo9X4FRhbam4xE8vM7z_jHzg&recommendedFlavor=ACTIVELY_HIRING_COMPANY&refId=UgE1stT04gNPumL5kqA3nA%3D%3D&trackingId=z43H0LOJGZV4Q5sVbFje9Q%3D%3D&trk=flagship3_search_srp_jobs
36	Data Scientist	https://www.linkedin.com/jobs/view/3379826280/?eBP=CwEAAAGFFJggSPYlAvpCAUSGKc6tKur_ScC45W2-0slyEegC4rg10FdnYmXh4E7vObqoK71M_ecrA1osfR02QtkrYmQWD830zWbTEqD5vQTmTUHRSVrxd-Q0OvbVFPWb-QQVkbWLUl16eiPZ3whW6eY7mZ29iHVtz51a2pWutch3NSaHq8OKFHw8N9R8xVJBiGxwPNN21jBMLq3gWQduaHZDUqfAEQ54pyzX8OQ2Z1dcyX1jPZchgYQ3rOG4Y5n9HDIz-cMgYozGpBAUTbKcosbOFnG0WXVh10qMZuNRlCsj4SLUVsUW86lfANC7b9XADMgnaaC_0AX0G4d2ZloyRmDjdbsovwNz2AQcSPcwVehVWMRRGYpN5PUsC88_Eomwcg&recommendedFlavor=SCHOOL_RECRUIT&refId=UgE1stT04gNPumL5kqA3nA%3D%3D&trackingId=kQF34ync3VRdVWxqFoIXEA%3D%3D&trk=flagship3_search_srp_jobs
37	Data Scientist II	https://www.linkedin.com/jobs/view/3399445355/?eBP=CwEAAAGFFJggSBrgPoJAMMZ_lPOE6RbhhHF90R6A1wNJD7sFurUo1SzV1zh8x1lox29qIIq8lUSoB4jf2FG-3vBiCMrLeTm4X1I98RC2Rb_4UCzqcvzdv0kb8tQqjH3v2ezXJR8BR5yVVIoAzYwUH_eYSBwVZaVKjH7h2S0EYUz1LcVqvtLUQ6k6-98yhotSuLo1hgEwlG292nRkGFN9lWb1xK4g_WB9ZVo-FGGbbWo3RjFKLXUjkgZN4UO8aD0ALy_lqN-CgDULTxNGQA_9Z2BPyAin0D3cX-bzNtqAU6t01dVFOyumKSR9FL4HSfFRscr75erGCdlIITVhhFyXuKmTSMgJ84H5hWnC9ODAngfjg8fAi5vYHufdpLzudF9ffA&recommendedFlavor=ACTIVELY_HIRING_COMPANY&refId=UgE1stT04gNPumL5kqA3nA%3D%3D&trackingId=MsrlDa8spxRMFyiXYzducQ%3D%3D&trk=flagship3_search_srp_jobs
38	Senior Data Scientist	https://www.linkedin.com/jobs/view/3392168757/?eBP=CwEAAAGFFJggSNIVqYvs4v1axIsrT_nAqlFWomSyAlrfxd4bcrGcqhEL5NTr2jwe29P5Pf3miNtLLoz8FtOHzUsfmIlw29fCzFmKiMv5Fmq23Z5EGHOUAdJk-wxy0wbjv-x0TuGfrKJjso6nT0UwyOMdE_wWNIuaj3poqO55zBTKkZ9tZUVR8oVcDQ-rqO-6plffIfhfKiD2-WEz92gFDy5htYCugg1DEiq_qVDYSyGgK0bd8UWIQKkPFOCue23jaYoJ8fCW4REHdV6ifB3llZeCmbiSeXTEupVLEGUA28cl1TJtf69hDlmTi34qfmK-X0iOLtJ30VuSXXIwPXD9Q0CAYaN0q0e1DgxISZyrHYZq5FtPu49s96GBGzcyUXTAvg&recommendedFlavor=ACTIVELY_HIRING_COMPANY&refId=UgE1stT04gNPumL5kqA3nA%3D%3D&trackingId=gW%2FFIActLk9gkEt26QxXOQ%3D%3D&trk=flagship3_search_srp_jobs
39	Senior Research Data Scientist III	https://www.linkedin.com/jobs/view/3382586952/?eBP=JOB_SEARCH_ORGANIC&recommendedFlavor=ACTIVELY_HIRING_COMPANY&refId=UgE1stT04gNPumL5kqA3nA%3D%3D&trackingId=hwQ8TwSd2GBCLSaCohhv3g%3D%3D&trk=flagship3_search_srp_jobs
40	Staff Data Scientist (Mailchimp)	https://www.linkedin.com/jobs/view/3399289559/?eBP=CwEAAAGFFJggSFHp_8qNSrTA_0LyYK5IDNUDdWt2UmGE2VNzI0JsLBoJz72UPI2WdeLYQMc8gs2FXNemJanKt-cCC4Qx3YIgZAC-sHhyl175eFzbp1JTFUdzBtm_R0IsfRIaqDJskvqCEzqHBeekEZZc91cCRsPM7H6UP6DxApOztoLgOAALxMxDMVVSeCP6Rv34d1WIH4DMXv7dMzkCSiBW7LhBIrwbK93cEBPSzmrz365A3tjRBsmszierFZOx6lRNP3ymsxJn11aJtnbtqWhgnlgTR3726vZVZLXQ6AXtEoCJYueVgfXkHNzP76L84t-fmKOZseQLUGnWdWTbcIJ6kIqUyHx0wZP6mwpiCIdm2P3YKKr33uXpZXexf1i-VqeJ&recommendedFlavor=ACTIVELY_HIRING_COMPANY&refId=UgE1stT04gNPumL5kqA3nA%3D%3D&trackingId=D0Rd2BwlB6HILSbIRA6%2Bgg%3D%3D&trk=flagship3_search_srp_jobs
41	Data Scientist	https://www.linkedin.com/jobs/view/3391649952/?eBP=CwEAAAGFFJggSKQOFVQyhUurmXQ15HGAtBLUuMA4SqQqbiWPP3BZZh_zCcSAWmxD4InSixoO2OzruHZOrkS66klulTs9-bh9aFLk4NdrrWVFMDAhj9Ksqoh6SteHwmZFMMSJcT3xl33WI1eSAAvHDeZv7UzPt4Be1KKrA6njDqSa_nYykLlIRweEit8bqF5hv3ywe5kVKkMzCBSyCg-ZRVgLTfjvHN-67iYUeSIqAeFb11bpT_KPg0Mw9xMXiH9t_gXcgFioJ88c05mOAL7DJ5tXQ6dtRDBRJWZnQ8j48TDN7a6b_-TqvuKU2PEbzRJAWM02TPLgnVoqbxQgUiplKLi-0DlCnBXAYTfKqwB0R2g_QdtQyOLoRvN5vdWa2EhQ7g&recommendedFlavor=ACTIVELY_HIRING_COMPANY&refId=UgE1stT04gNPumL5kqA3nA%3D%3D&trackingId=o9z6UQk0x%2FC3UobEuCMgDQ%3D%3D&trk=flagship3_search_srp_jobs
42	Data Scientist(U.S Citizens)	https://www.linkedin.com/jobs/view/3379819730/?eBP=CwEAAAGFFJh3ptA_57_qrCZ4ip_E_fia9fVrkPBIrLkFBtXyQbwZQZmo5EQPRyalGMbs--VHFkQAQzVPb9jBq7S1pLN3ATg6I1k02ZXBBHAl1XGo0S271R3E7BmF2YmDXvXYLwmZQwhFgX0GL_9iat6BqnuYcvVNBZKE6sYJ88-pB_Lr4vQ-JRlGzFrBhpJbUMuRYfrYTLHB20JSQC-bjYWLGV0Hy_KTrThBU7oaXURPzlGRyZHNdOcckJzmobkKWpiU-Ynesl8T5fxxMd7nniMs5QA2VWQdzi4gfuLQIXFoa5LaVeyyCADm1mgwxpTDYLBgI0UTK995b_MdWnwaXSn4zy12sgSQrCpxrmPqng31Jm964mA1VKA5NGDMPGI&recommendedFlavor=IN_NETWORK&refId=fJXhvoc3f1fnqMWiCkAw1Q%3D%3D&trackingId=fS7QgvH9ste3hSh1Jdxy%2BQ%3D%3D&trk=flagship3_search_srp_jobs
43	Data Scientist III	https://www.linkedin.com/jobs/view/3399446247/?eBP=CwEAAAGFFJh3ps4nTIseq4cUL2c7xyDhPCBdt-zZGMeO5hEE0-jz4Q5_-5gWc-jMdFMJNmTwuBvrHnIWyS9IFc7xeQMkap6O1E9FQ0tBvfevs1SiTVPvegimu2kO4VSPuEWXjTxMSAkDpaTEioKCqRama3PRtYfLTmPnkJRRJcqfTSodiSOVbiX0gpHstoTtgcjrUhg6P_tgPlgyQ-zbZAHg98HdQRImkf6PKoIJvQM0EObahE0TwxY3qVDcxTSWDoU26enFEbw5VBEk8hipkENQkTj55ZaEHyt_ycqBz4sU-vvIXBdyIoPB3lLzgO2jMgeLBR478DFHe7EDLBpnO95q1U_EJ12wMtWSCo7CR2FRUvoscUlLg3wItNP0&recommendedFlavor=SCHOOL_RECRUIT&refId=fJXhvoc3f1fnqMWiCkAw1Q%3D%3D&trackingId=6ibIMWYPQkgdfywwF12AHA%3D%3D&trk=flagship3_search_srp_jobs
44	Senior Data Scientist	https://www.linkedin.com/jobs/view/3393482557/?eBP=CwEAAAGFFJh3pvYurZeiy976EVB__IOotrQ6WwiOBmF7VW5q3QjzHtY4ObnHsqLRKSt6VAc0FrmWC1hm8cBfJsHpZaBdHmFNGHht0DAf8HUL0A0v_y4v6A2W6YYNzQCWmpM6iERNMsutfd7Fpc230CWxhSrpd6lhOrqFZkvGcyISF3b4U_rzzpG_UFD4WeLOWZXrydyzuVLnLIub9jEdi6H-6LVjOz4aLccPP7AgYWmqGFqo1mvon2rVhUzITuYS30GFjfqeAjDNlPoZASRjIXVUhnfwsXto9Vk5BLhrdcglRCiapHjiIPbQyYDLQVwWEZQ77V0un6rAqiUcXwb0ZZM7VPvIWp32-48ab9yqg7XivZ_p1ZCm-Ap_ivriEQs&recommendedFlavor=JOB_SEEKER_QUALIFIED&refId=fJXhvoc3f1fnqMWiCkAw1Q%3D%3D&trackingId=f19fqgwxwuXZbv7ZSwJknQ%3D%3D&trk=flagship3_search_srp_jobs
45	Data Scientist and Engineer, Senior	https://www.linkedin.com/jobs/view/3395331999/?eBP=JOB_SEARCH_ORGANIC&recommendedFlavor=SCHOOL_RECRUIT&refId=fJXhvoc3f1fnqMWiCkAw1Q%3D%3D&trackingId=3qkQyfl%2B2PAk6a7ZFgEvqA%3D%3D&trk=flagship3_search_srp_jobs
46	Data Scientist	https://www.linkedin.com/jobs/view/3390378726/?eBP=CwEAAAGFFJh3pkooudIenTrpiaHRBdTn7cE92oZjbZjKyr08MZ8Cc6t0BonpbI1Q8r7ZG5lBbcGoLXqUgz0CTQmmC7PZosPMWC7FXWbnmQYKqACSbG3eZmvi1Wac6DGp4hOZdBx91dQJf49JgBqeCKzDLLoGNRpfPXIaxcwY4qUOyN-AbGqJpgJH7QKHAPM1Gx_NB-T_08UMjFTWxS3A-Y8nsJo_XVi1vkbn5h5onsyba1FQHAqd3H86TkF4cLmTpgTkL0aBuplTrrqB3pPzVNk2RtVjsLqJd1zo6fKEKEo71q_4vDXnAMSg9MjzCj7GtxnHhof9AVc6TWLMRQa_o9qMUif0XLEFp8JJddotm6ujupxfRSSqxE6ozzHHpnA&recommendedFlavor=JOB_SEEKER_QUALIFIED&refId=fJXhvoc3f1fnqMWiCkAw1Q%3D%3D&trackingId=VCS45KdC0FZXY5laxBORBA%3D%3D&trk=flagship3_search_srp_jobs
47	Data Scientist	https://www.linkedin.com/jobs/view/3379814895/?eBP=CwEAAAGFFJh3plB7bn9l6eiyoYaJk2Y2ntv0hTrv9_QuVijMKRWzigWqAJ2h-YNiM7j2M1LHgRjRwaHA4Cbx7tkpI479hTlvDDXVr3PYzFHXBx4Pn18OIDlB7PPh83znUUL3DrR0wSoHZEl4ZqHxQZEGFdb6UNGrr842Z_DHuRaqhl-eZggOhZAjt2l_jd6Tk61EWEO2vtYclPiR3JbpPdO-GIguVFONLS9di7vSeN-yG0ZLi1N3BKICGVV-J7tBBx_IWurymfuNLT3IQggqN6UO62LsF6THJNwd5xVHEOY13n4A3jmGhNwKzncuK3t7Cq_he0heZ23xc7881uXcqBuBtjmF6F63R5qw_QP3bEZfZJ53WIkgtvnI4O8z-5A6-g&recommendedFlavor=ACTIVELY_HIRING_COMPANY&refId=fJXhvoc3f1fnqMWiCkAw1Q%3D%3D&trackingId=Iit%2FW7pvWEUGbD1Y7wgnAQ%3D%3D&trk=flagship3_search_srp_jobs
48	Data Scientist	https://www.linkedin.com/jobs/view/3390097044/?eBP=CwEAAAGFFJh3prmsWU1topamPZILikaGSookZfyJF_iYsGlcMz4162NoDzmAD0FskNVaj7ROCNgwhCEXzLPO8rxfdo0d64d50Eizx3cbuZauQ7O2njLfpAmi_MKGvVoSURj_KS5wxU3J7y1UDnoE4P0-O8exyKNna2p0GqYDsrGOHMoT6de-hBnkIBaVGwhFZk3Tk1f1argt084de4Zrbqe-OglkDCxSCH4QA0FFQ93bFPSDSR7pWThXxj34WBvRyZZSq6QXfnoykDZGMgMCvj9CqbgKfrM13F0IAv9w7BJtqvhuS8SmT_j7LCAcSvlddjv3vi0M3LCVYJKTElvuDAeqNnMI-TB8mIRySceO5EYjcEvw5NfeJPMsSgfHips&recommendedFlavor=SCHOOL_RECRUIT&refId=fJXhvoc3f1fnqMWiCkAw1Q%3D%3D&trackingId=s3crWtOCFmgAiYnW%2BztV1A%3D%3D&trk=flagship3_search_srp_jobs
49	Senior Data Scientist	https://www.linkedin.com/jobs/view/3393456736/?eBP=CwEAAAGFFJjGtUUtk7k6f39W2VLJ3lyHxMeejmRj7FGlivQCjD5T0TEjNDlCu1xBsQfYQPSPV5sjU05eXb78OjoMNIvxkyJBkafaaO_qaBVlAxhVNPVhLHRUoWLJC05Ob4mYgVFQ6JS53qhrWNGi8NxfqAUzChZk_ODadv-qix1C9mly3ovkQ19g-_plLrNcJ8Nsg9eB5JnB6QSghnTja1-7Oe9y6k_Qohbtk5hoSRKULULPBKoa5J2tgRimhoCWLuxd54U_NdrOPHxmWg69e2ikB62S_FkhnpQvsYhOvnpmX6YKMLx8yVsb0Irh1ownAN8izDX9ggVbm6pO5kyl97xT9SjPpo81dAQOdynlksjgKTk0Pez04aGJX5Kz0fE6Ew&recommendedFlavor=ACTIVELY_HIRING_COMPANY&refId=zBBPOg5Bqrdq8BCxZJg72A%3D%3D&trackingId=m25bqa5rUiDTsuAOsmdjFg%3D%3D&trk=flagship3_search_srp_jobs
50	Sr. Data Scientist	https://www.linkedin.com/jobs/view/3394349829/?eBP=CwEAAAGFFJjGtU0ld7BpbV52mDl71Uj69YsNk_pYCTNQq_CsfRs1CJf4weisZlnwxkg4iLRItuzDfZ8NwxKFyAtMBa4qJxt6jiGRWTkV1-pktNxc0K17QJOoH9MaiPPFltp6aq-vrE1idgqXwPRfIT-pVNwDUhcgw02p7UQG9l0dR4KGco6_P9SfgkIC-nVss61acdEBWhIjlFt0gEjiw647D2MDUsCEQNE5hUEheX1jM9sKFzL1-WsR9JE7jfgpZpSXB0qQ4WaO1fkw5oF9Oj8_Bn0PAEQcyPHo3efagmfe-B1sHEa38wbIJlknnKXGwuyiSNc2-waFUn1pA_G8fgrotXiYMDe3lHEwF4WyqC_zd2BvYxFD2ruAKIHzT19z1w&recommendedFlavor=SCHOOL_RECRUIT&refId=zBBPOg5Bqrdq8BCxZJg72A%3D%3D&trackingId=Uj6%2Fu%2Be2%2Bhf8dhHTCGEDLQ%3D%3D&trk=flagship3_search_srp_jobs
51	Data Scientist	https://www.linkedin.com/jobs/view/3390072032/?eBP=CwEAAAGFFJjGtRcLEDSl2GbcREWeeg3QRIReLDN0kF274GimEzC7tJv5-N6reCZwCtSsmQTEBYUGokbpQDc3DXZGh6TZppTsjleAyGqCplC6zxs7P_ahhWI02qTnz-SDmWIB8vnvrqSEDcqacd_2Nj9ChVD77Pi7GLykf7gc0giCf7DOGCTHZ-kCwE_HxI1uSVa1bGH87T_IraZiP7uEzzUYVNCz0FfV8bqlr89u2JGoP7u7cRRr5aAwkk8OtflOEaQlLZ7Z-JdnSq2YeEYZQlcTkxxekgrXc75XeGs8I5aYx9Skbu3FkolCOH4WmsAnjxsmqYUcmPXkOYWlogToeJnQBlz77gThZQPSV6TLEU87J-onVT3pTAzoRxrxjMWWZw&recommendedFlavor=ACTIVELY_HIRING_COMPANY&refId=zBBPOg5Bqrdq8BCxZJg72A%3D%3D&trackingId=D8kB4K%2BG7ZfuavzhreKxFQ%3D%3D&trk=flagship3_search_srp_jobs
52	Data Scientist	https://www.linkedin.com/jobs/view/3390115518/?eBP=CwEAAAGFFJjGtUpyCSMLuJR3CHlm_KTvJCyn17yMklWo83xNbQ4aDZZU6pDRHw_6sfQsFJ0N7qww1_-7_1YqKADXNsUJUaChDLYlMJfqn2OBg4GOpMt-PDQSkHxtNknqKJUMGvDdxly9sgi4yA1hfkNx-a9LfAKQq9fQJ3UiK35pxb1BwOBCusbcBpkElANFHBiPu4Z1C9qRrPzLV0yAG_lbz7EBXuot0CJS6bZGo0QTfWqjdb8zchMJeS1_949W40Jqwx3rJcGXSVm_nPdQiqyAYdeuZRqY9jzjTC9MlXBJ9HFlYixBgEjRVCWZjZngmnVNIrI6mzKbXXvKYLS0bLvmP6dAvwG1MBuznpdPrn0VWqTirB8mxqKLSkH-8KVTpw&recommendedFlavor=SCHOOL_RECRUIT&refId=zBBPOg5Bqrdq8BCxZJg72A%3D%3D&trackingId=0cNcsiU80VFck%2Bh8mtz9Hg%3D%3D&trk=flagship3_search_srp_jobs
53	Energy Data Scientist	https://www.linkedin.com/jobs/view/3395338176/?eBP=JOB_SEARCH_ORGANIC&recommendedFlavor=ACTIVELY_HIRING_COMPANY&refId=zBBPOg5Bqrdq8BCxZJg72A%3D%3D&trackingId=ff9bYoXUkVk1LPxQS6AsFQ%3D%3D&trk=flagship3_search_srp_jobs
54	Data Scientist	https://www.linkedin.com/jobs/view/3391841768/?eBP=CwEAAAGFFJjGtT2oIDvilnqfJH1kqFd-pDMcGQ8bH9Lj_s7DaguT_MnynJsS2oEHwT1MU0oeObBydT7Vd4Y07NbES5fRPSHRcROm2vT03mhI-ILyhfSEVxNYfqVnFJSD73c9J4_OopufJ499Nx3WvwhxYCkcQR_AUWhqARQIiRj9KRe92wCqVF7pJcxfLMelHVCzaZ8-jjv_Fu_oeSFv5RJ_bJUQTNi7ifKIvAeNNA47M_JJ_tsYDFVKRwz0cLeSSijAMqBJYV1NKpsQcd1nD6O2HiTjgUQUnTuzUmSIpoVYZSbtdmEE_2COia9tWrEfx0dQigT2EjTQT6vVE8_H2y_c3k-t51uvD_98zmAMDnnYM2-jINN82JQaoumUlYFBKQ&recommendedFlavor=JOB_SEEKER_QUALIFIED&refId=zBBPOg5Bqrdq8BCxZJg72A%3D%3D&trackingId=4rFlu3xkZ5JfqTRfRKfwrw%3D%3D&trk=flagship3_search_srp_jobs
55	Lead Data Scientist	https://www.linkedin.com/jobs/view/3391778334/?eBP=CwEAAAGFFJjGtQh6TPcIZb-kYNtNadixrJZ3YBdKUI4JIxnd0bNBivlV7obV-cNh25YRsFvQWO9Zcrh3P1Pp9Cu041GduPZtBP0pp04u-UtbCRreYydMqtxsDEH8op7o1_dYgepHDLpjv3cXlnj1y_oBKTGaWYs-g3CuHYoycmNds5LhI2P2N0GW8hrl5wXsB7NLA0RTluhSjzQKJdcxG4-C84Nj2ejtw-jsu00MC-n8zjPyreorInbYQ88ChG8zxrQysMl08WUmaSiviGA_Dq7tt_Lqnj4KDN4a58n59A6iHY_m8Ii_qmrlNhi3be23_oIqh75jNXQ7O_sd2LSnGUvXucSAfc_fQQRtLz7KSQiuNm_TrNV3BJOpB4UXSf4BDutj&recommendedFlavor=SCHOOL_RECRUIT&refId=zBBPOg5Bqrdq8BCxZJg72A%3D%3D&trackingId=766ziQm9F4QRn3qrgc96UQ%3D%3D&trk=flagship3_search_srp_jobs
56	Life Sciences Specialist Master - AI & Data Engineering	https://www.linkedin.com/jobs/view/3392179891/?eBP=CwEAAAGFFJkdjw7xW59AfdWrSk-It4NydNiDvEj4AB0MmB-Tjz-DmFdhgkQkYC9eSQQbV2Xxr5kBRJq2KbMmYw9Oy9_S6uTbs_b_j4HOJq-kc3cYSZKbxdXRBJKvrIFQw4qK_ULi5WmdQ25yetwnFVO3hl81m-XtQkiNH2_cFK0Kj4BHGLqwplsWy5NV5ApfhMgJ4ckL9C0gGOvWO4c-p6UjxcYn8a6syBUKuWhbkmpwJIsxFJo4dfBp9EU72UOSHBHwNCGh4XdHIhlrb25hg8NoLs0u3taSTEL08HVhrHzux5J8KFiOWaydEvCPme_V9QMQH4mdc_mqW58J5pT5HyMLgjGv&recommendedFlavor=ACTIVELY_HIRING_COMPANY&refId=4lZC5wCXVDvNMfrlcw6GNg%3D%3D&trackingId=VY1wwmIL3ZeMZptkrjbRVg%3D%3D&trk=flagship3_search_srp_jobs
57	R&D Scientist III	https://www.linkedin.com/jobs/view/3394519587/?eBP=CwEAAAGFFJkdj_14HCj_UqHrpmrFBBhrmpxIS3kz4zYZAZvAPcttJcHvcxmIQZDRuF7pyKNiWzsz5IdK8o6V9Tz7JZs32JVhaS8KbJKnFCG9avg-u7K9fZDhb04fvAT8O_yDRcccVHS5iPyCCXpZfTnuNeaMZuetAF85l2gb9t-dQWlz_2oCgUW09GN8NeEmOd-wcl14i2CH1yzjwP7PsrCkot5VAq5rZlWnMS5VGIjn3H-98nAdx_XcS9AzSRb9pG3NZqgAnf6uuEcCCmAHeVuNr1I4fgv11W_bNAHv7kVTv2khs6LvYRXlUC0HPv3VJnL-Cc3EbTboLNlOAJQucXC0NXRO1ZMSRCyAi1bwnKQ4h4vOKDx9e6VymzbV3yg&recommendedFlavor=IN_NETWORK&refId=4lZC5wCXVDvNMfrlcw6GNg%3D%3D&trackingId=ntrPT2ZZFVp5Lw6%2F3QCFiQ%3D%3D&trk=flagship3_search_srp_jobs
58	R&D Scientist	https://www.linkedin.com/jobs/view/3394578609/?eBP=CwEAAAGFFJkdj9lT1eqHcoAkTRn2WGL5JQDesbpNTE6Fi3jPppzWLgq60ggC1ZeB7JTMyl2RMBDvhHJJ_6bVRUCt0H7a_Gh_ChEzqUGuL-0YpVpV479KzzpgdApsIoHr9-LXjDXNYKUqVaS-L0MBjhowuyAlSGEHpIAGcp0g1OkyR9r6Lq1DI-DOAH6u7Y22kLGLLIJy1rYciaBrbKo94DSYHyPPL3mdxmuabYQ97E43-Y6VINeY81VS4guTV0zU1omgjhm91Bhg4ZPmq2Cy3yQl56bidEgSvIvi0bcljBhVgUY8yKriVkLksp0g2qnObIjOF_fULkhqa7wg_zKLx1et3PWgsSYxqGw5MregONhhxvG7J0s2-GZcFbO52XY&recommendedFlavor=JOB_SEEKER_QUALIFIED&refId=4lZC5wCXVDvNMfrlcw6GNg%3D%3D&trackingId=Fg27PgkpB6TqO7a5h7tJlg%3D%3D&trk=flagship3_search_srp_jobs
59	Data Scientist	https://www.linkedin.com/jobs/view/3390317897/?eBP=CwEAAAGFFJkdjzDsKHNlHphBMn23LIe1Iz2k6NZ52-v1zcbzoFb-8di7XG2hOn6MtMDGif79xF-njvoR3fRkj3a_zW7pAQGltkxUBtWUUWTDTLk344zdgiDRr1asVc7M2W5V-PwLKIJ9oZMZhRzbbjuBnKtZKZdbh6S2lt3cGzTeg9anX5zJ1Fq2vnJe57w9J-TOYDylnex7C4G47yHazI7MHK3zGL9_-LaBtqfu5JiSzql3kBgktFXlBBsxdFT7gg2DgUCzO93lKEv6VmUvcoun5WnYs4Xloe5NS-pLFwfTFytOnAt3bUsHX4Z-Mxe9yliepK6x8sz9gZG9gv4pGpTbDQXd9iBbxgZb5TWa6fnyaYcw6KqIkw43VelrGZZtZQ&recommendedFlavor=SCHOOL_RECRUIT&refId=4lZC5wCXVDvNMfrlcw6GNg%3D%3D&trackingId=URUmAEh%2Fkam%2F0CFWm%2FWdOQ%3D%3D&trk=flagship3_search_srp_jobs
60	Applied Nuclear Data Scientist	https://www.linkedin.com/jobs/view/3393822983/?eBP=CwEAAAGFFJkdj6rKq6YbwZlwzA3zN4Fp_N2wFJz9Ape-2u5yDpTy9YILY57e3da27KAVWHhtSfvYFbOyx5oia8YY-BLWMi5qttmezD4BWfhSr3CpGEVozd8cUhOBX74z3R6XwqucE93M-a-msAC1pv6QHnxC6Vs92VwPKnMd-O78VB3sjlfYD5SNQKhg-l2ZR8cyeVEUdusmOrf0ieT7E-46zfkZKMRU-5O74qVWB3ZRKpQfgGfZvMWwroN0Z-BRjitm2ynINGF58ceLUZRjxdqd-jPtxFAFU0DPwyVakaxteNrYv0lXUvYRszvFlr4BI6qSKJBmiKjTn-Np-wEBwyGUhIEr8vgUwD_Stggm7LHvYKaEDlJ865GzhT_7zZE&recommendedFlavor=IN_NETWORK&refId=4lZC5wCXVDvNMfrlcw6GNg%3D%3D&trackingId=7LUMRnLhClYJz1%2F9xA4BKg%3D%3D&trk=flagship3_search_srp_jobs
61	Chemist	https://www.linkedin.com/jobs/view/3398454007/?eBP=CwEAAAGFFJkdjx0xGRN9iTvw-oOrlStk8aaBJRSmx0sSDI3dFNeOrviIadEp8kcfzDH2mWpurEyV0yZ5IKpwTfhW36rD-edogVpxQdN7lTgEkItlzgBhnmTLU-VCMwFyDb_xw5PF-7HWqQ5CO7n4RaaIDuYwA1IIRMzWDAATXUharNKzsWTg7go-fWg9y_UO8AtGCy9i2CY-F6gyY7KgL8AvLTUh18UPSnu29DmZ6QiFzlcJbXoEQafFozVsA7uGGsLABOnMHLGbBpnSIpsv0JU3Deo9OqBe5dQ2E-Zxgx3IhIYuv2QZrsuzc56Gu1BjgwWhwb0Mtt9vF8k186u0KU1bWbjLjPR-1pGJPPVV-Ja45PALQ-5ErJcBBwwub5Y&recommendedFlavor=IN_NETWORK&refId=4lZC5wCXVDvNMfrlcw6GNg%3D%3D&trackingId=NE8m%2FXznzPMhGf9aiQyTfg%3D%3D&trk=flagship3_search_srp_jobs
62	Machine Learning Architect	https://www.linkedin.com/jobs/view/3399349456/?eBP=CwEAAAGFFJkdj17TLHxQSOz9XS4-vEMwUbB7-l1_GhVBUkX65V2o569Yv71Ewbi4jKC2kaRvfWdrq9XtMB1oPD4GFAjkqCzrBInhEV6_uOPjxuWQvaacqQM71nAoJ6ZEHcpwnffYJoFAwYXkJP_Hov3mI4a7wFKEWBa5FyZlQVVPIs2hf5UMHPu9LmEOw_RBNaUzzRH3cKO85QISgGmLqUsyz4PpxkGCiJDJ14KijeJRooGnai8fwjgwIULdtBO79DDaD6xh_l3XgmHYWTzp3bVZh1gW2ITI0NFPDiyMCqbRpN8t5PO0LY9arix0ojGErZCgTfl3kJ1EsAKAHIzey7LV7W_CNNzeOckZoCAWXh04jgJVkH8UmDNBye0lIzE&recommendedFlavor=ACTIVELY_HIRING_COMPANY&refId=4lZC5wCXVDvNMfrlcw6GNg%3D%3D&trackingId=wWiV7rvhR201%2FLIMuyXJuw%3D%3D&trk=flagship3_search_srp_jobs
63	Scientist	https://www.linkedin.com/jobs/view/3394601319/?eBP=CwEAAAGFFJlxqODg6vV80YCD_Q_2oGoWKe2YBAU66YHFcC7Ly-r0XHN6EdwRPGa25Wu7O68bk84iroBA4Lyw5te8Y0-RR7N54SfKanZYHJCvGIGnaqp6DmTOmBXdgrsW4OqjNLY6NEqvYjwUTNy-9eVBfcpraE9jyYX25DwQ8_pR13JYpOwacQKLl5krsEooqTbZEl944ROQoClq2NkZPE3_TYE5AUY7BVXaUfwam8xavGbZTOe-mTc4bJk93ptANf6uP3bUEJmjnV0q1x4MWM9O8nED8a4mPe2IhuEnhR6EVKL5l05AB88vU7y2mUFXREvz2BSKv3Yh3jkiJIewAuJT5bD3r9kvikC8dKYGmZdvApb_mrtS25PDVBuxrfSCnAxL&recommendedFlavor=IN_NETWORK&refId=QPy%2Fos%2BItoOJ09ZfA8GVsQ%3D%3D&trackingId=0Rw4UoNJS6sBkVB1tx3JnQ%3D%3D&trk=flagship3_search_srp_jobs
64	Scientist, Assay Development	https://www.linkedin.com/jobs/view/3395374729/?eBP=CwEAAAGFFJlxqODYkH9CRa8H6chK1-6HysHXTX1wUSkYlKnJru7CioCFRnhAljrZY4QIyhZN8mj1Hb5_Vp_xH4BK6xHeMd1XCHeFy6EcsFWz2gz_luwpQyYnn4N-G16eeGsVSGazhQ0XmLDiO-ztg1KlZ7no0acR7Nw0QmhainPzd27rf2HGLS9tIUnjKaUCdfeDiPe793sY4_3SG0t3vjzf-UxbbPNrlml7p62Q_ngx8XtFErwOL2wz9WkwDym_PScEcxAm3hUHyp2I8iKekForzX3TFgI6CIiQNY3LXIpDjne-WIEZa-0f6QJDDtraGCzAzCrIFCGbzERxDjcwP16ydQiWOWHt2eVaAGZnYCpDuoLJmrsFhzfq1kRi2PNDU0y8&recommendedFlavor=ACTIVELY_HIRING_COMPANY&refId=QPy%2Fos%2BItoOJ09ZfA8GVsQ%3D%3D&trackingId=uv%2Bh%2BsGzNmGUJLrFgEZPGA%3D%3D&trk=flagship3_search_srp_jobs
65	Senior AI Data Scientist	https://www.linkedin.com/jobs/view/3393486361/?eBP=CwEAAAGFFJlxqDaWAjq8EHuETXDP4TtVlsaO49u3XcNziQlF_XIdNAw4CcX2Tg0RCR6htqNRS6lZnTOwo7F-mlgWt2X6y-Mz-fMamSldZiKBqRU7AajAZOEtiABzbXrE05N69jlyP-1DO4iu9p7XBWMe_l6Wjmqxn4R7-wjGuV4nmANBiUXPGj-iy4IIUoggKRzzOUNmCL2nD96BHnFT-L7aPj9Bnp2tXiscJWBcaNyhKjX2P6_gb7dS3p2Y39Ut_LYQMuTETmPQ148XJRJBQbWkrQpv0d4lJN54_kNTjMrKTtm5skJKqduPG8JDs3oDQoxw8W3D70JZneYPZBlPquz1lgP4NdDEghbu6X0IuU6QPCizqfEtNTEY1WwqFSfVIuvF&recommendedFlavor=SCHOOL_RECRUIT&refId=QPy%2Fos%2BItoOJ09ZfA8GVsQ%3D%3D&trackingId=f85YxrgPV%2FBMfVS%2Buoyemw%3D%3D&trk=flagship3_search_srp_jobs
66	R&D Scientist II â€“ Cell Biology	https://www.linkedin.com/jobs/view/3394198983/?eBP=CwEAAAGFFJlxqMxWK6V_m9q0IlDapSM9cPn26xe1u250sifvUhZJBNU6KBeo3UBQLIzEiGT4yFpyNrldSuH64CaowOs5wzoHGmT8k2rc8xD4V7k1_5kBjreC1W_JbSs74yEH-mgxp-MFmeqexQNllozDNkeo3LwvFcdE-LAqCGhAjDlyM9iYAToD3N_iSu9u7FISnmIPRJW5gipJ4fjmwQhBieQGeodLsPhSNdx6wVMAEbh1luIVdnFnz_enFRP9LTZHXIzjQi1124J0OLV-iuwj-nC8F8OpYQnsirX6_LYCgfw1xJyN8v7k9UpuWhrKBNYC-Yvv5k4qMNoC5yGnvGOWlSdwAh7BBYKKMyCnAwFuhSj7Wg5xFyvxIsLpcULCzbL1&recommendedFlavor=SCHOOL_RECRUIT&refId=QPy%2Fos%2BItoOJ09ZfA8GVsQ%3D%3D&trackingId=zn0fhHaseumFXfpkMQL%2BGQ%3D%3D&trk=flagship3_search_srp_jobs
67	Junior Data Scientist	https://www.linkedin.com/jobs/view/3389923482/?eBP=JOB_SEARCH_ORGANIC&recommendedFlavor=SCHOOL_RECRUIT&refId=QPy%2Fos%2BItoOJ09ZfA8GVsQ%3D%3D&trackingId=NOVOcPxwgSYEs%2FotzqOyCg%3D%3D&trk=flagship3_search_srp_jobs
68	INTERNSHIP Biologics & Drug Design (Post-Doc)	https://www.linkedin.com/jobs/view/3393589500/?eBP=CwEAAAGFFJlxqMLKcWKqWoBK_7sdJ3rtoTEurg-5oSw69Ds33pIu-N1Gns08VTSczF0Zsj0whMimht4Z065KXNOlC0RYiKlWO0NpNsGiSJKUT0YKhVXaXoapNq03WzRjub-0c3lcxXxmqS6ICLL45OpyGQrwKDeFqT5OPBDHjk5-YbCXc7nuKRWicsxLcHxeFC9nFM_klQ92N0gIVxkeheikR1LoJm9G9pB2Gwsd6FmTBJNHiLuu3wH7qhdjhUeAqkGsLD1uN9XrLYVxFpaH4rsKdRMZnadNH_He_67s9EzmA7bb6gAGgc6ivjm6wJ9MRXYdD4-A7YWv3oKrMPX2soL9YqCphX0r-DWVBFUopytU5QCrJOSe6eCszp2BqhygvA&recommendedFlavor=SCHOOL_RECRUIT&refId=QPy%2Fos%2BItoOJ09ZfA8GVsQ%3D%3D&trackingId=xQGpQNfBmKtr%2BIsH7aQ3Nw%3D%3D&trk=flagship3_search_srp_jobs
69	Research Scientist, Robotics Manipulation - Machine Learning	https://www.linkedin.com/jobs/view/3399335534/?eBP=CwEAAAGFFJlxqKQ7I2wGy-S_YitqrcN6J1FU_pcXH52Hk_hlGyOK5WcGj27VWtT1m5PSzICZUjVfhUcNAPSUZZ0viuYaSxX8Rhr52KeqMQi2KM_BdTi6-L5ur0uYXqC9CLTpuPfSZIBF6UkuOsG-MtawPjidD-T0nVIABQ_eML5a06oDDB3jkExkwSrMW_raoRPoCI6BZ_4Ws11h9MFel89KM6exhC-vx0zN3DowrJ0kgYGlaJaQ_IeN1Z0xuyJCHglHcpNY_EkPpXfQGNNTfQW-buvJsTJr8cgT7Mw-TpCo8bpaaGNwoKw18eibKqs3TWY9kemWXyPIWT3UstMeqWIkwX38_KEyXD_DRutzbLOHzFvml399OqDAAwgcC12ubdKf&recommendedFlavor=SCHOOL_RECRUIT&refId=QPy%2Fos%2BItoOJ09ZfA8GVsQ%3D%3D&trackingId=PVxiVu%2F3VuHPkvKaMER%2BXQ%3D%3D&trk=flagship3_search_srp_jobs
